,name,video title,description,post time
0,Mahershala Ali,Mahershala Ali Accepts the Oscar for Supporting Actor,Watch Mahershala Ali's Oscar 2019 acceptance speech for Actor in a Supporting Role for his portrayal of DR. DON SHIRLEY in GREEN BOOK. Watch more ...,2/25/2019 3:18
1,Mahershala Ali,Bill Murray Spilled Vodka on Mahershala Ali?€?s Face at the Golden Globes,"Fresh from his ?€?Green Book?€? Golden Globes win, Mahershala Ali talked with Ellen about his new film, and how Bill Murray celebrated the film's multiple victories ...",1/10/2019 18:00
2,Mahershala Ali,Mahershala Ali Ditched a Rap Record Deal for Acting,"Mahershala Ali talks about what he remembers from his winning night at the Oscars, explains why his name is actually a nickname and gets called out on his ...",11/20/2018 10:00
3,Mahershala Ali,Mahershala Ali Goes Sneaker Shopping With Complex,"Academy Award-winning actor Mahershala Ali goes Sneaker Shopping with Joe La Puma at Stadium Goods in New York City, and talks about his favorite shoes ...",12/4/2017 15:00
4,Mahershala Ali,Mahershala Ali on Golden Globe Win,"Mahershala talks about winning a Golden Globe for Best Supporting Actor, auditioning for Game of Thrones, cutting his own hair, and playing college basketball.",1/10/2019 11:00
5,Mahershala Ali,Mahershala Ali &amp; John David Washington - Actors on Actors - Full Conversation,Mahershala Ali on how he convinced 'True Detective' creator Nic Pizzolatto to change the race of the lead character for the third season of the HBO series. Plus ...,12/27/2018 18:38
6,Mahershala Ali,Mahershala Ali&#39;s Impeccable Style Isn&#39;t New,"James asks Mahershala Ali about always being dressed to the nines and learns it comes with a little bit of help, but his desire to be fashionable has roots going ...",2/19/2019 9:35
7,Mahershala Ali,Mahershala Ali wins Best Supporting Actor,"Alicia Vikander presents Mahershala Ali with the Oscar?? for Best Supporting Actor for his performance in ""Moonlight"" at the 89th Oscars?? in 2017.",4/3/2017 7:07
8,Mahershala Ali,Mahershala Ali on True Detective,"Mahershala talks about being in the new season of 'True Detective' on HBO, the incredible make-up job to make him look old, and he reveals what happened ...",1/10/2019 11:00
9,Mahershala Ali,Mahershala Ali Reveals Real Name,Mahershala reveals that his name is even longer than we thought possible. Generation Gap with Cousin Sal https://youtu.be/IAT8F_jmDFE SUBSCRIBE to get ...,1/12/2017 11:00
10,Mahershala Ali,Mahershala Ali Shows Off His &#39;Soul Train&#39; Moves,"""True Detective"" star Mahershala Ali proved his father's ""Soul Train"" talents were passed down to him... by showing Ellen his impressive dance moves to raise ...",1/8/2019 14:00
11,Mahershala Ali,Mahershala Ali on History Behind His New Film &#39;Green Book&#39; | The View,"The ""Green Book"" actor talks about his new movie and discusses the backlash on his co-star Viggo Mortensen's use of the n-word. MORE FROM 'THE VIEW': ...",11/15/2018 19:06
12,Mahershala Ali,Mahershala Ali on the Oscars 2019 All Access Red Carpet,Watch Mahershala Ali on the Oscars 2019 red carpet talking about on his Actor in a Supporting Role for GREEN BOOK. See more highlights from the 2019 ...,2/25/2019 1:13
13,Mahershala Ali,How Mahershala Ali Was Turned Into An Old Man For &#39;True Detective&#39; | Movies Insider,"See how Mahershala Ali, two-time Oscar winner, was turned into an old man for season 3 of ?€?True Detective.?€? We take a look behind the scenes with Mike ...",2/25/2019 17:17
14,Mahershala Ali,Mahershala Ali On Viggo?€?s N-Word Apology,"After Mahershala Ali discussed ?€?Green Book?€? co-star Viggo Mortensen's apology for using the n-word during a Q&A panel, Keshia Chante and Graeme O'Neil ...",11/16/2018 19:46
15,Mahershala Ali,"Regina King, Mahershala Ali describe their Oscar wins","King celebrated her Oscar win alongside Hannah Beachler, the first African American ever to be nominated and win for production design.",2/25/2019 17:34
16,Mahershala Ali,Mahershala Ali Roasts Viggo Mortensen for Eating Tons of Pizza in Meetings | &#39;Green Book&#39; Interview,"Mahershala Ali and Viggo Mortensen recall Viggo eating an extraordinary amount of pizza to gain weight for his role, while Mahershala struggled to lose weight ...",11/15/2018 17:58
17,Mahershala Ali,Mahershala Ali&#39;s Ultimate Summer Playlist | GQ,"The Oscar-winning star of Moonlight says playlists are essential to his characters. Here, he takes you behind the scenes of his Catalina Island cover shoot to talk ...",6/19/2017 12:00
18,Mahershala Ali,"Actors Roundtable: Chadwick Boseman, Timoth??e Chalamet, Mahershala Ali, Viggo Mortensen | Close Up","Chadwick Boseman ('The Black Panther'), Timoth??e Chalamet ('Beautiful Boy'), Viggo Mortensen ('Green Book'), Mahershala Ali ('Green Book'), Hugh Jackman ...",1/21/2019 16:30
19,Mahershala Ali,Oscar Winner Mahershala Ali Full Press Room Speech | THR,Mahershala Ali won Best Supporting Actor for 'Green Book' at the 91st Academy Awards. Watch his full post-win press room interview. Clip Courtesy of ...,2/25/2019 6:00
20,Rami Malek,Rami Malek?€?s Oscars 2019 Acceptance Speech for Best Actor,"Watch Rami Malek's Oscar 2019 acceptance speech for Actor in a Leading Role for his portrayal of Freddie Mercury in BOHEMIAN RHAPSODY. Malek, who ...",2/25/2019 4:05
21,Rami Malek,Rami Malek&#39;s Weird Ad | Nightly Pop | E! News,"The ""Bohemian Rhapsody"" actor's getting attention for being odd, once again. Get the details on Rami's new ad that gives off major serial killer vibes.",3/5/2019 7:53
22,Rami Malek,Strange Things Everyone Ignores About Rami Malek&#39;s Relationship,"Bohemian Rhapsody co-stars Rami Malek and Lucy Boynton might just be the next Hollywood ""It couple."" This swoon-worthy showbiz pairing managed to win ...",3/1/2019 22:00
23,Rami Malek,Rami Malek Discusses His Freddie Mercury Transformation,Rami Malek chats with Jimmy about Mr. Robot coming to an end and the key to his successful Freddie Mercury impression in the Bohemian Rhapsody biopic.,10/30/2018 4:01
24,Rami Malek,Rami Malek was jealous when he saw Kate kissed passionately with Pete,Rami Malek was jealous when he saw Kate Beckinsale kissed passionately with Pete Davidson ...,3/4/2019 18:00
25,Rami Malek,Chris Moyles recreates THAT Rami Malek commercial,I'm a fan of this video. Subscribe: http://bit.ly/1FCGj9g Get involved with Radio X! Website: http://www.radiox.co.uk/ Facebook: http://www.facebook.com/radiox ...,3/5/2019 13:08
26,Rami Malek,Rami Malek Responds to Awkward Nicole Kidman Moment,"Rami sees his awkward Nicole Kidman moment at The Golden Globes for the first time and reacts to it, and he talks about being treated like he's actually Freddie ...",1/9/2019 10:00
27,Rami Malek,Rami Malek Made a Gold Grill Out of His Freddie Mercury Teeth,"Rami Malek chatted with Ellen about his process of becoming iconic Queen frontman Freddie Mercury in the film ""Bohemian Rhapsody,"" and revealed that he ...",11/1/2018 13:00
28,Rami Malek,Backstage interview with Oscar winner Rami Malek,,3/3/2019 19:06
29,Rami Malek,Rami Malek Watches We Will Rock You Madison Square Garden Big Screen - Bohemian Rhapsody Movie,Rami Malek Watches We Will Rock You Madison Square Garden Big Screen - Bohemian Rhapsody Movie Sourced from a few Instagram videos. Impossible to ...,3/3/2019 22:41
30,Rami Malek,Rami Malek Reading a Book ASMR,Rami Malek reading his favourite book 3rd of March 2019 ASMR Subscribe for more! Follow my Instagram @ramimalekfam for daily content.,3/4/2019 23:53
31,Rami Malek,Inside Rami Malek&#39;s Very Private Life,Bohemian Rhapsody Star Rami Malek Lives A Very Private Life And Here's Why. Subscribe to our channel: https://goo.gl/hHvOf8 Despite portraying the larger ...,1/15/2019 23:00
32,Rami Malek,Rami Malek on telling his immigrant mother he wanted to be an actor,"The Oscar nominated actor from ""Bohemian Rhapsody"" recalls sending out dozens of headshots and resumes looking for an agent.",2/24/2019 22:37
33,Rami Malek,Queen Legend Roger Taylor on Rami Malek&#39;s Oscar Win for Bohemian Rhapsody | Good Morning Britain,Queen's Roger Taylor chats to GMB about Rami Malek winning an Oscar for Best Actor for his portrayal of Freddie Mercury in hit film Bohemian Rhapsody.,2/25/2019 11:42
34,Rami Malek,Oscar Winner Rami Malek Full Press Room Speech | THR,Rami Malek won Best Actor for 'Bohemian Rhapsody' at the 91st Academy Awards. Watch his full post-win press room interview. #RamiMalek ...,2/25/2019 6:08
35,Rami Malek,Rami Malek &amp; Charlie Hunnam Answer the Web&#39;s Most Searched Questions | WIRED,'Papillon' stars Rami Malek and Charlie Hunnam take the WIRED Autocomplete Interview and answers the internet's most searched questions about themselves ...,8/23/2018 16:01
36,Rami Malek,"Rami Malek Falls Off 2019 Oscars Stage, But He&#39;s Still Celebrating!","Things were looking up for Rami Malek after he won an Oscar, but the night suddenly went south... literally. Rami spoke with reporters at the 2019 Governors ...",2/25/2019 14:31
37,Rami Malek,"Rami Malek and Eddie Redmayne on First Kisses, Musical Tastes, and &#39;The Hills&#39; Reboot | W Magazine","In this Screen Test interview, Rami Malek and Eddie Redmayne are no stranger to transformation, having both portrayed incredibly famous?€?and very ...",1/3/2019 15:00
38,Rami Malek,Rami Malek on the New York Rangers Celebrity Cam March 2019,Rami Malek on the New York rangers game celebrity cam March 3rd 2019 Subscribe for more!!???   Follow my Instagram @ramimalekfam.,3/3/2019 23:11
39,Rami Malek,&quot;We hurled abuse at each other!&quot; Bohemian Rhapsody&#39;s Rami Malek on duelling with Mike Myers.,"CONTAINS STRONG LANGUAGE Rami Malek, Gwilym Lee and Joe Mazzello talk to BBC Radio 1's Film Critic Ali Plumb about the now Oscar nominated Queen ...",2/22/2019 10:18
40,Lady Gaga,Lady Gaga on Oscar Win &amp; Being ?€?In Love?€? with Bradley Cooper,"Lady Gaga talks about what her life has been like since she won the Oscar, the importance of hard work, performing Shallow live at the Oscars, the speculation ...",2/28/2019 5:11
41,Lady Gaga,"Lady Gaga, Bradley Cooper - Shallow (From A Star Is Born/Live From The Oscars)",Listen to music from Bradley Cooper & Lady Gaga from the 'A Star Is Born' Soundtrack: http://smarturl.it/ASIBSoundtrack Own the film on Digital now: ...,2/25/2019 20:40
42,Lady Gaga,Shallow - Lady Gaga [Lyrics],"Lady Gaga Shallow Lyrics. Bradley Cooper. EASY TO READ AND FOLLOW. FAN MADE. A Star is Born soundtrack. Thank you for subscribing! G major, 96 BPM.",9/29/2018 7:59
43,Lady Gaga,LadyGagaVEVO,"Lady Gaga on Vevo - Official Music Videos, Live Performances, Interviews and more...",5/12/2009 5:28
44,Lady Gaga,"Lady Gaga, Bradley Cooper - Shallow (A Star Is Born)",Listen to brand new music from Bradley Cooper & Lady Gaga from the 'A Star Is Born' Soundtrack: http://smarturl.it/ASIBSoundtrack Get tickets to see the film: ...,9/27/2018 16:30
45,Lady Gaga,Lady Gaga - Bad Romance,LADY GAGA / JOANNE NEW ALBUM / OUT NOW iTunes: http://smarturl.it/Joanne Google Play: http://smarturl.it/Joanne.gp Amazon: http://smarturl.it/Joanne.amz ...,11/24/2009 8:15
46,Lady Gaga,Lady Gaga - Poker Face,Listen to brand new music from Bradley Cooper & Lady Gaga from the 'A Star Is Born' Soundtrack: http://smarturl.it/ASIBSoundtrack Follow Lady Gaga: ...,12/20/2009 3:05
47,Lady Gaga,"Lady Gaga, Bradley Cooper - Shallow (Live at The Oscars 2019)","Lady Gaga and Bradley Cooper singing live at The Oscars 2019. - - - - Copyright Disclaimer Under Section 107 of the Copyright Act 1976, allowance is made for ...",2/25/2019 4:02
48,Lady Gaga,"Lady Gaga, Bradley Cooper - I&#39;ll Never Love Again",Listen to brand new music from Bradley Cooper & Lady Gaga from the 'A Star Is Born' Soundtrack: http://smarturl.it/ASIBSoundtrack Get tickets to see the film: ...,10/26/2018 3:44
49,Lady Gaga,Lady Gaga,http://www.littlemonsters.com http://www.facebook.com/ladygaga http://twitter.com/ladygaga http://www.ladygaga.com.,5/15/2008 17:02
50,Lady Gaga,Lady Gaga - Million Reasons,LADY GAGA / JOANNE NEW ALBUM / OUT NOW iTunes: http://gaga.lk/Joanne Apple Music: http://gaga.lk/JoanneAP Spotify: http://gaga.lk/JoanneSP Google ...,12/14/2016 20:05
51,Lady Gaga,Lady Gaga - Shallow (From A Star Is Born Soundtrack/Live From The 61st GRAMMYs?? / 2019),Listen to music from Bradley Cooper & Lady Gaga from the 'A Star Is Born' Soundtrack: http://smarturl.it/ASIBSoundtrack Own the film on Digital now: ...,2/13/2019 23:31
52,Lady Gaga,"Lady Gaga, Bradley Cooper - Shallow (Live in Las Vegas)","More Gaga: https://youtube.com/c/gagadaily?sub_confirmation=1 Lady Gaga brings Bradley Cooper on stage in Vegas to perform ""Shallow"" live for the first time ...",1/27/2019 6:40
53,Lady Gaga,Lady Gaga - Telephone ft. Beyonc??,Listen to brand new music from Bradley Cooper & Lady Gaga from the 'A Star Is Born' Soundtrack: http://smarturl.it/ASIBSoundtrack Follow Lady Gaga: ...,3/16/2010 1:08
54,Lady Gaga,Celebs Who Can&#39;t Stand Lady Gaga,"Lady Gaga has millions of Little Monsters around the world, but the celebrities on this list probably aren't in their ranks. The ""Bad Romance"" singer has had so ...",2/26/2019 16:35
55,Lady Gaga,Lady Gaga - Yo?? And I,LADY GAGA / JOANNE NEW ALBUM / OUT NOW iTunes: http://smarturl.it/Joanne Apple Music: http://smarturl.it/Joanne.ap Spotify: http://smarturl.it/Joanne.sp ...,8/17/2011 1:20
56,Lady Gaga,Lady Gaga - Born This Way,Written by Lady Gaga. Executive Producer: Vincent Herbert. Directed by Nick Knight. Choreography by Laurie Ann Gibson. Listen to brand new music from ...,2/28/2011 1:54
57,Lady Gaga,Lady Gaga &amp; Bradley Cooper - Shallow ( Lyrics Video ),Lady Gaga & Bradley Cooper - Shallow ????????? I do not own anything. All credits go to the right owners. No copyright intended. Lady Gaga & Bradley Cooper ...,10/14/2018 14:54
58,Lady Gaga,e comunque bradley cooper e lady gaga cantano male...,"Siamo 100.000 ormai e per festeggiare questo straordinario traguardo, fatto di sogni infranti, lacrime e botte, io e la mia dolce ragazza abbiamo deciso di ...",3/5/2019 18:00
59,Lady Gaga,Lady Gaga - Applause (Official),Listen to brand new music from Bradley Cooper & Lady Gaga from the 'A Star Is Born' Soundtrack: http://smarturl.it/ASIBSoundtrack Follow Lady Gaga: ...,8/19/2013 12:35
60,Olivia Colman,Olivia Colman?€?s 2019 Oscar Acceptance Speech for Best Actress,Watch Olivia Colman's Oscar 2019 acceptance speech for Actress in a Leading Role for her portrayal of Queen Anne in THE FAVOURITE. Watch more ...,2/25/2019 4:28
61,Olivia Colman,The BEST Of Olivia Colman On The Graham Norton Show,Some of the best moments of Olivia Colman! #GrahamNortonShow #Season24 #ChatShow #OliviaColman Subscribe for weekly updates: ...,2/27/2019 17:06
62,Olivia Colman,Oscar Winner Olivia Colman Full Press Room Speech | THR,Olivia Colman won Best Actress in a Leading Role for 'The Favourite' at the 91st Academy Awards. Watch her full post-win press room interview. Clip Courtesy ...,2/25/2019 5:55
63,Olivia Colman,Top 10 Olivia Colman Performances,"Top 10 Olivia Colman Performances Subscribe: http://bit.ly/2tVCcUH From Sophie in ""Peep Show"" to winning Oscars as Queen Anne. For this list, we're counting ...",2/26/2019 15:31
64,Olivia Colman,Olivia Colman wins Leading Actress BAFTA 2019 ????- BBC,"SUBSCRIBE to the OFFICIAL BBC YouTube channel: https://bit.ly/2IXqEIn LAUNCH BBC iPlayer to access Live TV and Box Sets: https://bbc.in/2J18jYJ Winner, ...",2/10/2019 22:42
65,Olivia Colman,Olivia Colman in short film The K??rm??n Line,"Fresh from her Oscars triumph, here's a rare chance to watch The Favourite star Olivia Colman in this quirky and affecting BAFTA-nominated short film The ...",3/5/2019 12:37
66,Olivia Colman,[HD] Olivia Colman Wins Best Actress | 2019 Golden Globes,Olivia Colman Wins 'Best Actress - Musical or Comedy' for 'The Favourite' in Golden Globes 2019 COPYRIGHT ??? 2019 NBC. All rights reserved.,1/7/2019 18:17
67,Olivia Colman,Why Olivia Colman kept crying when playing the Queen ???? - BBC,SUBSCRIBE to the OFFICIAL BBC YouTube channel: https://bit.ly/2IXqEIn LAUNCH BBC iPlayer to access Live TV and Box Sets: https://bbc.in/2J18jYJ Olivia ...,12/28/2018 0:15
68,Olivia Colman,Olivia Colman Greatest Speeches | Compilation,"From her 2011 BIFA win for Tyrannosaur to her 2019 Oscar win for The Favourite, Olivia Colman is best known for the fantastic and humorous speeches she ...",2/26/2019 0:26
69,Olivia Colman,British actress Olivia Colman finds global acclaim with &quot;The Favourite&quot;,Actress Olivia Colman is known for starring in several popular British TV shows. Now she's gettting praise on the global stage with a Golden Globe best actress ...,12/10/2018 14:39
70,Olivia Colman,The Favourite (2018) Bunnies Scene Olivia Colman &amp; Emma Stone (with subtitles),A scene from Fox Searchlight's The Favourite (2018) dir. Yorgos Lanthimos. Scene where Queen Anne and Abigail bond with the bunnies. I claim no rights to ...,2/25/2019 16:23
71,Olivia Colman,10 Reasons You Should Know Who Olivia Colman Is,Top 10 Reasons You Should Know Who Olivia Colman Is // Subscribe: http://www.youtube.com/c/MsMojo?sub_confirmation=1 Everyone should know who this ...,1/24/2019 21:00
72,Olivia Colman,Olivia Colman delivers hilarious speech on behalf of Rachel Weisz at BIFA Awards,Rachel Weisz was named Best Supporting Actress at the British Independent Film Awards (BIFA) so Olivia Colman was on hand with a mask and speech on her ...,12/4/2018 13:22
73,Olivia Colman,Olivia Colman Talks About Wetting Herself On Stage - The Jonathan Ross Show,Oscar Winning Actress Olivia Colman discusses her emotional range working on roles from Peep Show to The Accused. She also recalls wetting herself on ...,2/22/2019 17:00
74,Olivia Colman,Emma Stone Was Worried About Sex Scenes With Olivia Colman | The Graham Norton Show,A convenient sponge saved the day! Subscribe for weekly updates: http://www.youtube.com/subscription_center?add_user=officialgrahamnorton.,12/28/2018 8:00
75,Olivia Colman,Emma Stone and Olivia Colman on Having Sex with Each Other / The Favourite,Short clip from a press conference of THE FAVOURITE by Yorks Lanthimos at the 75th Venice Film Festival.,8/30/2018 22:38
76,Olivia Colman,Olivia Colman&#39;s Emotional Reaction Backstage to Winning Leading Actress | EE BAFTA Film Awards 2019,Olivia Colman talks with Edith Bowman backstage after winning Leading Actress for 'The Favourite' at the EE BAFTA Film Awards 2019. subscribe to BAFTA ...,2/11/2019 0:14
77,Olivia Colman,Olivia Colman in The Office | The Office,It's David's last day and the company has sent Helena (Olivia Colman) to interview him on leadership. (Contains some strong language.) Subscribe for more ...,2/26/2019 11:22
78,Olivia Colman,Olivia Colman Oscars 2019 Red Carpet Interview,Watch Olivia Colman on the Oscars 2019 red carpet talking about her Actress in a Leading Role nomination for THE FAVOURITE. See more highlights from the ...,2/25/2019 3:36
79,Olivia Colman,"Oscar winner Olivia Colman crying on Would I Lie to You? [HD][CC-EN,NL]","Academy award winner Olivia Colman: ?€? Possession. Whenever I need to cry in a scene, I ask the director to hold this up behind the camera. There's something ...",10/26/2018 21:27
80,Yalitza Aparicio,Ofrecen importante papel a Yalitza Aparicio.,"Te dejo el link directo al canal Yo Te Lo Cuento, visitalo?????? https://www.youtube.com/channel/UCcJdikhtxOAYweBsvZpJWLw Visita el canal La Nota Feroz: ...",3/4/2019 18:59
81,Yalitza Aparicio,Toc?? Fondo: Televisa Hace Parodia De Yalitza Aparicio y Los Tunden En Redes,CharroPol??tico #JuncalSsolano #CharroVivo S??guenos En Redes Sociales: El Charro Politico: https://www.facebook.com/ElCharroPoli... Twitter: ...,3/4/2019 19:33
82,Yalitza Aparicio,La parodia que Televisa hizo de Yalitza y Roma,"La nueva temporada del programa ""La parodia"" har?? una representaci??n c??mica de Yalitza Aparicio y Alfonso Cuar??n, situaci??n que fue criticada en redes ...",3/4/2019 22:37
83,Yalitza Aparicio,PRADA VISTE A YALITZA APARICIO PARA FLAUNT MAGAZINE,TODO LO QUE QUIERAS SABER ACERCA DE TUS ARTISTAS         S??gueme en instagram  https://www.instagram.com/gossipteen.18/ GRACIAS por todo TU ...,3/4/2019 18:00
84,Yalitza Aparicio,Televisa hace una Parodia de Yalitza Aparicio y Alfonso Cuar??n,"El Programa de Televisa, ""La Parodia"", imitar?? a Yalitza Aparicio y Alfonso Cuar??n en sus nuevos episodios.",3/4/2019 20:42
85,Yalitza Aparicio,Yalitza Aparicio ????Fue UTILIZADA!? / ??Su??ltalo Aqu??! Con Ang??lica Palacios,Enterate de m??s en nuestro facebook: https://goo.gl/LQS64w.,3/2/2019 22:01
86,Yalitza Aparicio,PARODIA DE YALITZA APARICIO INDIGNA A LOS FANS,TODO LO QUE QUIERAS SABER ACERCA DE TUS ARTISTAS         S??gueme en instagram  https://www.instagram.com/gossipteen.18/ GRACIAS por todo TU ...,3/4/2019 20:00
87,Yalitza Aparicio,Yalitza Aparicio accepts the NHMC Impact Award for Outstanding Performance in a Film (Roma),"On February 22, 2019 the National Hispanic Media Coalition (NHMC) was privileged to honor extraordinary Latino and non-Latino artists, executives, a film ...",3/2/2019 18:46
88,Yalitza Aparicio,YALITZA APARICIO USA PRADA EN FLAUNT MAGAZINE ????,TODO LO QUE QUIERAS SABER ACERCA DE TUS ARTISTAS FAVORITOS         GRACIAS por todo su APOYO... Es muy IMPORTANTE que te SUSCRIBAS ...,3/4/2019 21:45
89,Yalitza Aparicio,&quot;La Yalitza y &quot;El Cuar??n &quot; en la nueva temporada de la Parodia,"""La Yalitza"". ""El Cuar??n"", ""El Maradona"" y ""El Juanga"" son algunos de los personajes que ver??n en esta nueva temporada bajo la producci??n de Reynaldo ...",3/4/2019 16:58
90,Yalitza Aparicio,Yalitza Aparicio responde al INDIA de Sergio Goyri.,"""Copyright Disclaimer Under Section 107 of the Copyright Act 1976, allowance is made for ""fair use"" for purposes such as criticism, comment, news reporting, ...",2/26/2019 21:51
91,Yalitza Aparicio,ULTIMA HORA ?€? INDIGNANTE Se Vuelve La Personaje Parodia De Yalitza Aparicio,"Hola que tal buen d??a, bienvenidos a Notiviral Noticias y Entretenimiento! La nueva actriz estrella mexicana sigue siendo tema de pol??mica, pero esta vez no ...",3/5/2019 15:38
92,Yalitza Aparicio,??? ?? ULTIMA HORA ! Yalitza Aparicio ???? se Despide de la Fama TRISTE NOTICIA !,ULTIMA HORA ! Yalitza Aparicio se Despide de la Fama TRISTE NOTICIA ! #NoticiasdeFarandula #Espectaculo #Famosos Videos Relacionados: ?? HACE ...,3/4/2019 22:07
93,Yalitza Aparicio,PARODIA DE YALITZA APARICIO INDIGNA A FANS,TODO LO QUE QUIERAS SABER ACERCA DE TUS ARTISTAS FAVORITOS         GRACIAS por todo su APOYO... Es muy IMPORTANTE que te SUSCRIBAS ...,3/4/2019 21:00
94,Yalitza Aparicio,YALITZA APARICIO se ENCUENTRA con ACTRIZ MEXICANA y son CRITICADAS?????€???€???,TODO LO QUE QUIERAS SABER ACERCA DE TUS ARTISTAS         S??gueme en instagram  https://www.instagram.com/gossipteen.18/ GRACIAS por todo TU ...,3/5/2019 19:30
95,Yalitza Aparicio,Yalitza Aparicio viste Prada en portada de Flaunt Magazine | Noticias con Yuriria Sierra,Yalitza Aparicio contin??a apareciendo en portadas de revistas! Ahora fue el turno de Flaunt Magazine Visita nuestro sitio Web: http://bit.ly/2nT2Wz5 Mantente ...,3/4/2019 21:00
96,Yalitza Aparicio,HACE UN MOMENTO ! ES-C4NDAL0 Tras TRISTE REALIDAD que vive YALITZA APARICIO,HACE UN MOMENTO ! ES-C4NDAL0 Tras TRISTE REALIDAD que vive YALITZA APARICIO Visita ?????? http://chismesdefarandula.club/?????? Nosotros le ...,3/4/2019 22:15
97,Yalitza Aparicio,Parodia a Yalitza Aparicio y la pel??cula &quot;Roma&quot; causa enojo en la redes,Una presentadora de Televisa enfrenta fuertes cr??ticas por pintarse la cara de marr??n y usar una nariz prost??tica para parodiar a la actriz ind??gena mexicana ...,3/5/2019 0:34
98,Yalitza Aparicio,Cardi B ORGULLO dominicano? Yalitza Aparicio REPUDIADA? | Bellisssimaa1,?????Mira todos los links y detalles aqu???????----------------- Visita mis otros canales:              Vlogs: Bellisssimaa2TV ???? Salud: Bellisssimaahealth...,3/5/2019 16:34
99,Yalitza Aparicio,Roma Star Yalitza Aparicio On What It Feels Like to Attend the 2019 Oscars,ET spoke with the the 'Roma' actress on the red carpet at the 91st Annual Academy Awards. #Oscars #Oscars2019 More from Entertainment Tonight: ...,2/25/2019 4:30
